Review A,Review B,Base Similarity,Weighted Similarity,Shift
501,735,0.172,0.102,-0.06999999999999999
67,433,0.164,0.117,-0.047
213,383,0.156,0.094,-0.062
597,655,0.148,0.148,0.0
320,496,0.117,0.07,-0.047
19,730,0.102,0.133,0.031000000000000014
179,275,0.102,0.117,0.015000000000000013
838,998,0.094,0.023,-0.07100000000000001
766,877,0.094,0.078,-0.016
403,838,0.094,0.062,-0.032
