Review A,Review B,Base Similarity,Weighted Similarity,Shift
609,659,0.078,0.172,0.09399999999999999
149,854,0.031,0.07,0.03900000000000001
476,925,0.031,0.07,0.03900000000000001
41,805,0.008,0.047,0.039
392,709,0.023,0.055,0.032
40,602,0.023,0.055,0.032
257,325,0.086,0.117,0.031000000000000014
19,730,0.102,0.133,0.031000000000000014
187,768,0.039,0.07,0.031000000000000007
760,789,0.039,0.07,0.031000000000000007
