Review A,Review B,Base Similarity,Weighted Similarity,Shift
609,659,0.078,0.172,0.09399999999999999
597,655,0.148,0.148,0.0
19,730,0.102,0.133,0.031000000000000014
257,325,0.086,0.117,0.031000000000000014
67,433,0.164,0.117,-0.047
179,275,0.102,0.117,0.015000000000000013
363,852,0.094,0.109,0.015
501,735,0.172,0.102,-0.06999999999999999
213,383,0.156,0.094,-0.062
303,676,0.07,0.086,0.015999999999999986
